GROUP,PACKAGE,CLASS,INSTRUCTION_MISSED,INSTRUCTION_COVERED,BRANCH_MISSED,BRANCH_COVERED,LINE_MISSED,LINE_COVERED,COMPLEXITY_MISSED,COMPLEXITY_COVERED,METHOD_MISSED,METHOD_COVERED
org.apache.xmlgraphics:xmlgraphics-commons,org.apache.xmlgraphics.ps.dsc.tools,PageExtractor.new DSCFilter() {...},18,0,4,0,4,0,4,0,2,0
org.apache.xmlgraphics:xmlgraphics-commons,org.apache.xmlgraphics.ps.dsc.tools,DSCTools,81,47,22,11,23,11,15,6,2,2
org.apache.xmlgraphics:xmlgraphics-commons,org.apache.xmlgraphics.ps.dsc.tools,PageExtractor,136,0,20,0,35,0,11,0,1,0
org.apache.xmlgraphics:xmlgraphics-commons,org.apache.xmlgraphics.xmp.schemas,DublinCoreAdapter,114,101,2,6,36,27,26,17,24,15
org.apache.xmlgraphics:xmlgraphics-commons,org.apache.xmlgraphics.xmp.schemas,XMPBasicAdapter,33,81,1,3,11,19,8,9,7,8
org.apache.xmlgraphics:xmlgraphics-commons,org.apache.xmlgraphics.xmp.schemas,XMPBasicSchema,2,32,0,0,1,7,1,3,1,3
org.apache.xmlgraphics:xmlgraphics-commons,org.apache.xmlgraphics.xmp.schemas,DublinCoreSchema,2,25,0,0,1,6,1,3,1,3
org.apache.xmlgraphics:xmlgraphics-commons,org.apache.xmlgraphics.image,GraphicsUtil,2281,0,239,0,481,0,149,0,28,0
org.apache.xmlgraphics:xmlgraphics-commons,org.apache.xmlgraphics.xmp,XMPSchemaAdapter,59,544,24,78,15,151,23,52,1,23
org.apache.xmlgraphics:xmlgraphics-commons,org.apache.xmlgraphics.xmp,XMPArrayType,13,22,0,0,2,6,2,2,2,2
org.apache.xmlgraphics:xmlgraphics-commons,org.apache.xmlgraphics.xmp,XMPProperty,143,156,25,13,35,38,21,16,6,12
org.apache.xmlgraphics:xmlgraphics-commons,org.apache.xmlgraphics.xmp,XMPParser,0,30,0,0,0,8,0,3,0,3
org.apache.xmlgraphics:xmlgraphics-commons,org.apache.xmlgraphics.xmp,XMPSchemaRegistry,0,72,0,0,0,18,0,6,0,6
org.apache.xmlgraphics:xmlgraphics-commons,org.apache.xmlgraphics.xmp,XMPArray,183,234,30,38,36,53,25,25,4,12
org.apache.xmlgraphics:xmlgraphics-commons,org.apache.xmlgraphics.xmp,XMPSerializer,78,41,9,3,17,16,7,2,1,2
org.apache.xmlgraphics:xmlgraphics-commons,org.apache.xmlgraphics.xmp,XMPComplexValue,0,3,0,0,0,1,0,1,0,1
org.apache.xmlgraphics:xmlgraphics-commons,org.apache.xmlgraphics.xmp,XMPSchema,9,20,0,0,2,7,2,4,2,4
org.apache.xmlgraphics:xmlgraphics-commons,org.apache.xmlgraphics.xmp,XMPConstants,0,8,0,0,0,1,0,1,0,1
org.apache.xmlgraphics:xmlgraphics-commons,org.apache.xmlgraphics.xmp,Metadata,55,189,11,13,15,51,13,9,4,6
org.apache.xmlgraphics:xmlgraphics-commons,org.apache.xmlgraphics.xmp,XMPPacketParser,118,0,18,0,36,0,13,0,4,0
org.apache.xmlgraphics:xmlgraphics-commons,org.apache.xmlgraphics.xmp,XMPHandler,122,535,19,67,25,123,18,38,0,13
org.apache.xmlgraphics:xmlgraphics-commons,org.apache.xmlgraphics.xmp,XMPStructure,57,40,2,0,14,10,6,6,5,6
org.apache.xmlgraphics:xmlgraphics-commons,org.apache.xmlgraphics.java2d.color.profile,NamedColorProfileParser,98,277,7,14,15,63,8,16,1,12
org.apache.xmlgraphics:xmlgraphics-commons,org.apache.xmlgraphics.java2d.color.profile,ColorProfileUtil,82,38,7,5,19,9,10,2,4,2
org.apache.xmlgraphics:xmlgraphics-commons,org.apache.xmlgraphics.java2d.color.profile,NamedColorProfile,52,43,6,0,9,13,5,5,2,5
org.apache.xmlgraphics:xmlgraphics-commons,org.apache.xmlgraphics.image.loader.impl,ImageLoaderEPS,5,49,1,3,1,13,1,4,0,3
org.apache.xmlgraphics:xmlgraphics-commons,org.apache.xmlgraphics.image.loader.impl,CompositeImageLoader,90,69,14,8,18,14,12,5,2,4
org.apache.xmlgraphics:xmlgraphics-commons,org.apache.xmlgraphics.image.loader.impl,PreloaderJPEG,81,429,26,36,19,111,23,14,0,4
org.apache.xmlgraphics:xmlgraphics-commons,org.apache.xmlgraphics.image.loader.impl,AbstractImageSessionContext.UnrestrictedFallbackResolver,135,98,14,20,25,34,12,8,0,3
org.apache.xmlgraphics:xmlgraphics-commons,org.apache.xmlgraphics.image.loader.impl,ImageRendered,0,47,0,2,0,16,0,8,0,7
org.apache.xmlgraphics:xmlgraphics-commons,org.apache.xmlgraphics.image.loader.impl,AbstractImagePreloader,3,23,1,1,1,8,1,3,0,3
org.apache.xmlgraphics:xmlgraphics-commons,org.apache.xmlgraphics.image.loader.impl,ImageLoaderFactoryRaw,21,144,3,11,3,16,3,11,0,7
org.apache.xmlgraphics:xmlgraphics-commons,org.apache.xmlgraphics.image.loader.impl,ImageLoaderFactoryPNG,0,44,0,2,0,10,0,7,0,6
org.apache.xmlgraphics:xmlgraphics-commons,org.apache.xmlgraphics.image.loader.impl,AbstractImageLoader,14,15,5,1,2,5,3,4,0,4
org.apache.xmlgraphics:xmlgraphics-commons,org.apache.xmlgraphics.image.loader.impl,PreloaderGIF,2,131,7,11,1,23,7,6,0,4
org.apache.xmlgraphics:xmlgraphics-commons,org.apache.xmlgraphics.image.loader.impl,ImageRawStream.SingleStreamFactory,5,29,1,1,1,13,1,5,0,5
org.apache.xmlgraphics:xmlgraphics-commons,org.apache.xmlgraphics.image.loader.impl,ImageRawCCITTFax,3,12,0,0,1,4,1,2,1,2
org.apache.xmlgraphics:xmlgraphics-commons,org.apache.xmlgraphics.image.loader.impl,ImageLoaderRawCCITTFax,46,138,10,9,9,38,10,4,0,4
org.apache.xmlgraphics:xmlgraphics-commons,org.apache.xmlgraphics.image.loader.impl,AbstractImageLoaderFactory,7,5,0,0,2,2,1,2,1,2
org.apache.xmlgraphics:xmlgraphics-commons,org.apache.xmlgraphics.image.loader.impl,ImageLoaderFactoryInternalTIFF,12,32,1,1,1,8,1,6,0,6
org.apache.xmlgraphics:xmlgraphics-commons,org.apache.xmlgraphics.image.loader.impl,DefaultImageSessionContext,7,46,0,2,3,13,1,5,1,4
org.apache.xmlgraphics:xmlgraphics-commons,org.apache.xmlgraphics.image.loader.impl,PNGFile,178,480,23,53,33,107,21,26,1,6
org.apache.xmlgraphics:xmlgraphics-commons,org.apache.xmlgraphics.image.loader.impl,PreloaderBMP,2,125,2,10,1,32,2,7,0,3
org.apache.xmlgraphics:xmlgraphics-commons,org.apache.xmlgraphics.image.loader.impl,PreloaderRawPNG,4,49,2,2,2,14,2,3,0,3
org.apache.xmlgraphics:xmlgraphics-commons,org.apache.xmlgraphics.image.loader.impl,ImageRawJPEG,6,24,0,0,2,8,2,3,2,3
org.apache.xmlgraphics:xmlgraphics-commons,org.apache.xmlgraphics.image.loader.impl,ImageLoaderRawCCITTFax.FillOrderChangeInputStream,1076,0,6,0,13,0,7,0,4,0
org.apache.xmlgraphics:xmlgraphics-commons,org.apache.xmlgraphics.image.loader.impl,PreloaderEPS.EPSBinaryFileHeader,30,9,4,0,6,3,8,3,6,3
org.apache.xmlgraphics:xmlgraphics-commons,org.apache.xmlgraphics.image.loader.impl,ImageConverterBitmap2G2D.Graphics2DImagePainterImpl,60,0,4,0,15,0,5,0,3,0
org.apache.xmlgraphics:xmlgraphics-commons,org.apache.xmlgraphics.image.loader.impl,AbstractImageSessionContext.RestrictedFallbackResolver,33,0,6,0,8,0,5,0,2,0
org.apache.xmlgraphics:xmlgraphics-commons,org.apache.xmlgraphics.image.loader.impl,ImageRawEPS,15,6,0,0,4,2,2,1,2,1
org.apache.xmlgraphics:xmlgraphics-commons,org.apache.xmlgraphics.image.loader.impl,ImageGraphics2D,11,16,2,0,4,7,2,4,1,4
org.apache.xmlgraphics:xmlgraphics-commons,org.apache.xmlgraphics.image.loader.impl,ImageLoaderInternalTIFF,36,9,0,0,8,4,2,3,2,3
org.apache.xmlgraphics:xmlgraphics-commons,org.apache.xmlgraphics.image.loader.impl,ImageLoaderPNG,0,38,0,0,0,10,0,4,0,4
org.apache.xmlgraphics:xmlgraphics-commons,org.apache.xmlgraphics.image.loader.impl,ImageLoaderRaw,43,5,2,0,9,2,3,1,2,1
org.apache.xmlgraphics:xmlgraphics-commons,org.apache.xmlgraphics.image.loader.impl,AbstractImageSessionContext,108,213,17,23,24,49,16,15,1,10
org.apache.xmlgraphics:xmlgraphics-commons,org.apache.xmlgraphics.image.loader.impl,ImageRawStream.ByteArrayStreamFactory,1,14,0,0,1,5,1,3,1,3
org.apache.xmlgraphics:xmlgraphics-commons,org.apache.xmlgraphics.image.loader.impl,ImageConverterRendered2PNG,11,64,4,4,1,14,4,5,0,5
org.apache.xmlgraphics:xmlgraphics-commons,org.apache.xmlgraphics.image.loader.impl,ImageRawStream,20,44,2,4,7,13,3,8,2,6
org.apache.xmlgraphics:xmlgraphics-commons,org.apache.xmlgraphics.image.loader.impl,ImageLoaderFactoryRawCCITTFax,82,102,13,11,11,21,11,9,1,7
org.apache.xmlgraphics:xmlgraphics-commons,org.apache.xmlgraphics.image.loader.impl,AbstractImageSessionContext.ObservingImageInputStreamInvocationHandler,14,20,1,1,3,6,1,2,0,2
org.apache.xmlgraphics:xmlgraphics-commons,org.apache.xmlgraphics.image.loader.impl,ImageLoaderFactoryEPS,12,32,1,1,1,8,1,6,0,6
org.apache.xmlgraphics:xmlgraphics-commons,org.apache.xmlgraphics.image.loader.impl,ImageConverterG2D2Bitmap,109,251,14,15,24,54,13,10,1,7
org.apache.xmlgraphics:xmlgraphics-commons,org.apache.xmlgraphics.image.loader.impl,ImageConverterBitmap2G2D,31,13,5,1,6,3,4,4,1,4
org.apache.xmlgraphics:xmlgraphics-commons,org.apache.xmlgraphics.image.loader.impl,DefaultImageContext,17,0,2,0,7,0,3,0,2,0
org.apache.xmlgraphics:xmlgraphics-commons,org.apache.xmlgraphics.image.loader.impl,PreloaderEPS,29,244,7,22,6,72,7,13,0,5
org.apache.xmlgraphics:xmlgraphics-commons,org.apache.xmlgraphics.image.loader.impl,ImageLoaderRawJPEG,238,219,30,21,46,70,25,8,1,4
org.apache.xmlgraphics:xmlgraphics-commons,org.apache.xmlgraphics.image.loader.impl,ImageConverterBuffered2Rendered,6,36,3,3,0,9,3,6,0,6
org.apache.xmlgraphics:xmlgraphics-commons,org.apache.xmlgraphics.image.loader.impl,PreloaderEMF,2,147,3,9,1,32,3,6,0,3
org.apache.xmlgraphics:xmlgraphics-commons,org.apache.xmlgraphics.image.loader.impl,ImageXMLDOM,42,0,0,0,14,0,6,0,6,0
org.apache.xmlgraphics:xmlgraphics-commons,org.apache.xmlgraphics.image.loader.impl,ImageLoaderRawPNG,0,47,0,2,0,14,0,6,0,5
org.apache.xmlgraphics:xmlgraphics-commons,org.apache.xmlgraphics.image.loader.impl,ImageBuffered,0,12,0,0,0,4,0,3,0,3
org.apache.xmlgraphics:xmlgraphics-commons,org.apache.xmlgraphics.image.loader.impl,AbstractImage,27,13,2,0,5,5,4,3,3,3
org.apache.xmlgraphics:xmlgraphics-commons,org.apache.xmlgraphics.image.loader.impl,JPEGFile,12,47,2,2,4,14,4,5,2,5
org.apache.xmlgraphics:xmlgraphics-commons,org.apache.xmlgraphics.image.loader.impl,PreloaderTIFF,112,250,24,28,22,62,21,9,0,4
org.apache.xmlgraphics:xmlgraphics-commons,org.apache.xmlgraphics.image.loader.impl,AbstractImageConverter,12,12,1,1,1,4,1,3,0,3
org.apache.xmlgraphics:xmlgraphics-commons,org.apache.xmlgraphics.image.loader.impl,ImageRawPNG,53,45,4,0,14,17,8,6,6,6
org.apache.xmlgraphics:xmlgraphics-commons,org.apache.xmlgraphics.image.codec.png,PNGEncodeParam,631,319,63,23,178,63,83,25,46,19
org.apache.xmlgraphics:xmlgraphics-commons,org.apache.xmlgraphics.image.codec.png,PNGEncodeParam.RGB,77,6,10,0,21,2,11,2,6,2
org.apache.xmlgraphics:xmlgraphics-commons,org.apache.xmlgraphics.image.codec.png,PNGRed,4678,0,468,0,896,0,283,0,33,0
org.apache.xmlgraphics:xmlgraphics-commons,org.apache.xmlgraphics.image.codec.png,PNGSuggestedPaletteEntry,3,0,0,0,1,0,1,0,1,0
org.apache.xmlgraphics:xmlgraphics-commons,org.apache.xmlgraphics.image.codec.png,PNGImage,2959,1901,351,125,576,297,241,43,14,16
org.apache.xmlgraphics:xmlgraphics-commons,org.apache.xmlgraphics.image.codec.png,PNGChunk.ChunkType,0,194,0,0,0,20,0,1,0,1
org.apache.xmlgraphics:xmlgraphics-commons,org.apache.xmlgraphics.image.codec.png,PNGDecodeParam,59,36,4,0,23,12,12,9,10,9
org.apache.xmlgraphics:xmlgraphics-commons,org.apache.xmlgraphics.image.codec.png,PNGImageEncoder,1279,669,157,53,267,158,104,28,1,24
org.apache.xmlgraphics:xmlgraphics-commons,org.apache.xmlgraphics.image.codec.png,ChunkStream,62,126,2,2,24,33,14,5,12,5
org.apache.xmlgraphics:xmlgraphics-commons,org.apache.xmlgraphics.image.codec.png,PNGEncodeParam.Palette,172,0,24,0,42,0,24,0,12,0
org.apache.xmlgraphics:xmlgraphics-commons,org.apache.xmlgraphics.image.codec.png,PNGEncodeParam.Gray,123,0,18,0,35,0,22,0,13,0
org.apache.xmlgraphics:xmlgraphics-commons,org.apache.xmlgraphics.image.codec.png,CRC,0,67,0,8,0,13,0,6,0,2
org.apache.xmlgraphics:xmlgraphics-commons,org.apache.xmlgraphics.image.codec.png,PNGImageDecoder.new ImageInputStreamSeekableStreamAdapter() {...},0,5,0,0,0,2,0,2,0,2
org.apache.xmlgraphics:xmlgraphics-commons,org.apache.xmlgraphics.image.codec.png,PNGRed.PNGChunk,224,0,0,0,25,0,11,0,11,0
org.apache.xmlgraphics:xmlgraphics-commons,org.apache.xmlgraphics.image.codec.png,IDATOutputStream,29,147,3,5,7,32,4,8,2,6
org.apache.xmlgraphics:xmlgraphics-commons,org.apache.xmlgraphics.image.codec.png,PNGChunk,70,211,1,1,15,37,5,12,4,12
org.apache.xmlgraphics:xmlgraphics-commons,org.apache.xmlgraphics.image.codec.png,PNGImageDecoder,24,49,6,2,5,13,4,3,0,3
org.apache.xmlgraphics:xmlgraphics-commons,org.apache.xmlgraphics.image.loader.cache,TimeStampProvider,0,5,0,0,0,2,0,2,0,2
org.apache.xmlgraphics:xmlgraphics-commons,org.apache.xmlgraphics.image.loader.cache,ImageKey,39,68,9,9,8,18,10,3,1,3
org.apache.xmlgraphics:xmlgraphics-commons,org.apache.xmlgraphics.image.loader.cache,DefaultExpirationPolicy,0,39,0,6,0,10,0,7,0,4
org.apache.xmlgraphics:xmlgraphics-commons,org.apache.xmlgraphics.image.loader.cache,ImageCacheStatistics,20,108,4,4,3,33,6,13,2,13
org.apache.xmlgraphics:xmlgraphics-commons,org.apache.xmlgraphics.image.loader.cache,ImageCache,40,331,12,32,7,93,11,28,0,17
org.apache.xmlgraphics:xmlgraphics-commons,org.apache.xmlgraphics.image.codec.tiff,TIFFImage,4019,0,447,0,765,0,246,0,13,0
org.apache.xmlgraphics:xmlgraphics-commons,org.apache.xmlgraphics.image.codec.tiff,TIFFImageEncoder.Context,6,0,0,0,2,0,1,0,1,0
org.apache.xmlgraphics:xmlgraphics-commons,org.apache.xmlgraphics.image.codec.tiff,ImageType,0,231,3,25,0,39,3,22,0,9
org.apache.xmlgraphics:xmlgraphics-commons,org.apache.xmlgraphics.image.codec.tiff,TIFFFaxDecoder,9942,0,194,0,477,0,112,0,15,0
org.apache.xmlgraphics:xmlgraphics-commons,org.apache.xmlgraphics.image.codec.tiff,TIFFField,318,109,33,8,47,26,43,13,11,11
org.apache.xmlgraphics:xmlgraphics-commons,org.apache.xmlgraphics.image.codec.tiff,CompressionValue,39,114,6,0,6,14,4,3,1,3
org.apache.xmlgraphics:xmlgraphics-commons,org.apache.xmlgraphics.image.codec.tiff,ExtraSamplesType,13,50,5,1,2,9,4,3,1,3
org.apache.xmlgraphics:xmlgraphics-commons,org.apache.xmlgraphics.image.codec.tiff,TIFFImageDecoder,31,0,4,0,6,0,5,0,3,0
org.apache.xmlgraphics:xmlgraphics-commons,org.apache.xmlgraphics.image.codec.tiff,TIFFEncodeParam,64,30,5,1,24,11,13,6,10,6
org.apache.xmlgraphics:xmlgraphics-commons,org.apache.xmlgraphics.image.codec.tiff,ImageInfo.ImageInfoBuilder,0,42,0,0,0,8,0,4,0,4
org.apache.xmlgraphics:xmlgraphics-commons,org.apache.xmlgraphics.image.codec.tiff,TIFFDecodeParam,42,0,0,0,14,0,9,0,9,0
org.apache.xmlgraphics:xmlgraphics-commons,org.apache.xmlgraphics.image.codec.tiff,TIFFDirectory,451,438,49,39,113,92,51,28,21,10
org.apache.xmlgraphics:xmlgraphics-commons,org.apache.xmlgraphics.image.codec.tiff,TIFFImageEncoder,1912,1107,266,102,362,252,175,35,5,13
org.apache.xmlgraphics:xmlgraphics-commons,org.apache.xmlgraphics.image.codec.tiff,ImageInfo,6,362,5,23,0,80,5,25,0,16
org.apache.xmlgraphics:xmlgraphics-commons,org.apache.xmlgraphics.image.codec.tiff,TIFFLZWDecoder,444,0,38,0,87,0,27,0,8,0
org.apache.xmlgraphics:xmlgraphics-commons,org.apache.xmlgraphics.image.rendered,RenderedImageCachableRed,148,0,6,0,38,0,29,0,26,0
org.apache.xmlgraphics:xmlgraphics-commons,org.apache.xmlgraphics.image.rendered,BufferedImageCachableRed,155,0,2,0,36,0,11,0,10,0
org.apache.xmlgraphics:xmlgraphics-commons,org.apache.xmlgraphics.image.rendered,AbstractRed,1005,0,98,0,212,0,89,0,40,0
org.apache.xmlgraphics:xmlgraphics-commons,org.apache.xmlgraphics.image.rendered,FormatRed,349,0,43,0,81,0,32,0,9,0
org.apache.xmlgraphics:xmlgraphics-commons,org.apache.xmlgraphics.image.rendered,Any2sRGBRed,704,0,76,0,168,0,47,0,7,0
org.apache.xmlgraphics:xmlgraphics-commons,org.apache.xmlgraphics.image.rendered,Any2LsRGBRed,522,0,42,0,122,0,29,0,6,0
org.apache.xmlgraphics:xmlgraphics-commons,org.apache.xmlgraphics.image.loader,ImageInfo,15,41,0,0,1,14,1,8,1,8
org.apache.xmlgraphics:xmlgraphics-commons,org.apache.xmlgraphics.image.loader,XMLNamespaceEnabledImageFlavor,58,28,16,0,13,5,10,3,2,3
org.apache.xmlgraphics:xmlgraphics-commons,org.apache.xmlgraphics.image.loader,ImageException,4,5,0,0,2,2,1,1,1,1
org.apache.xmlgraphics:xmlgraphics-commons,org.apache.xmlgraphics.image.loader,MimeEnabledImageFlavor,21,58,9,7,4,13,6,6,0,4
org.apache.xmlgraphics:xmlgraphics-commons,org.apache.xmlgraphics.image.loader,ImageSize,101,126,2,2,16,35,8,16,6,16
org.apache.xmlgraphics:xmlgraphics-commons,org.apache.xmlgraphics.image.loader,SubImageNotFoundException,9,0,0,0,4,0,2,0,2,0
org.apache.xmlgraphics:xmlgraphics-commons,org.apache.xmlgraphics.image.loader,RefinedImageFlavor,6,31,0,4,2,8,1,7,1,5
org.apache.xmlgraphics:xmlgraphics-commons,org.apache.xmlgraphics.image.loader,SimpleRefinedImageFlavor,0,5,0,0,0,2,0,1,0,1
org.apache.xmlgraphics:xmlgraphics-commons,org.apache.xmlgraphics.image.loader,ImageManager,127,291,19,27,21,75,20,22,3,16
org.apache.xmlgraphics:xmlgraphics-commons,org.apache.xmlgraphics.image.loader,ImageFlavor,9,140,5,9,3,35,4,12,0,9
org.apache.xmlgraphics:xmlgraphics-commons,org.apache.xmlgraphics.image.loader,ImageSource,44,35,7,3,7,12,8,6,3,6
org.apache.xmlgraphics:xmlgraphics-commons,org.apache.xmlgraphics.image.loader,ImageProcessingHints,0,15,0,0,0,7,0,1,0,1
org.apache.xmlgraphics:xmlgraphics-commons,org.apache.xmlgraphics.java2d,TransformType,24,40,6,0,9,9,8,2,3,2
org.apache.xmlgraphics:xmlgraphics-commons,org.apache.xmlgraphics.java2d,GraphicContext,403,179,35,11,109,45,52,12,30,11
org.apache.xmlgraphics:xmlgraphics-commons,org.apache.xmlgraphics.java2d,AbstractGraphicsConfiguration,4,3,0,0,2,1,2,1,2,1
org.apache.xmlgraphics:xmlgraphics-commons,org.apache.xmlgraphics.java2d,TransformStackElement,202,21,7,0,38,7,15,2,10,2
org.apache.xmlgraphics:xmlgraphics-commons,org.apache.xmlgraphics.java2d,TransformStackElement.new TransformStackElement() {...},16,0,2,0,2,0,3,0,2,0
org.apache.xmlgraphics:xmlgraphics-commons,org.apache.xmlgraphics.java2d,TransformStackElement.new TransformStackElement() {...},21,0,4,0,2,0,4,0,2,0
org.apache.xmlgraphics:xmlgraphics-commons,org.apache.xmlgraphics.java2d,TransformStackElement.new TransformStackElement() {...},21,0,4,0,2,0,4,0,2,0
org.apache.xmlgraphics:xmlgraphics-commons,org.apache.xmlgraphics.java2d,TransformStackElement.new TransformStackElement() {...},21,0,4,0,2,0,4,0,2,0
org.apache.xmlgraphics:xmlgraphics-commons,org.apache.xmlgraphics.java2d,TransformStackElement.new TransformStackElement() {...},40,5,12,0,1,1,7,1,1,1
org.apache.xmlgraphics:xmlgraphics-commons,org.apache.xmlgraphics.java2d,GraphicsConfigurationWithoutTransparency,11,55,0,4,3,13,3,9,3,7
org.apache.xmlgraphics:xmlgraphics-commons,org.apache.xmlgraphics.java2d,GraphicsConfigurationWithTransparency,11,64,0,4,3,12,3,9,3,7
org.apache.xmlgraphics:xmlgraphics-commons,org.apache.xmlgraphics.java2d,StrokingTextHandler,0,23,0,0,0,8,0,2,0,2
org.apache.xmlgraphics:xmlgraphics-commons,org.apache.xmlgraphics.java2d,AbstractGraphics2D,659,44,12,0,153,14,57,10,51,10
org.apache.xmlgraphics:xmlgraphics-commons,org.apache.xmlgraphics.java2d,Dimension2DDouble,105,0,8,0,26,0,12,0,8,0
org.apache.xmlgraphics:xmlgraphics-commons,org.apache.xmlgraphics.java2d,CMYKColorSpace,75,0,2,0,9,0,7,0,6,0
org.apache.xmlgraphics:xmlgraphics-commons,org.apache.xmlgraphics.java2d,DefaultGraphics2D,91,0,0,0,32,0,16,0,16,0
org.apache.xmlgraphics:xmlgraphics-commons,org.apache.xmlgraphics.java2d,GenericGraphicsDevice,25,0,0,0,8,0,6,0,6,0
org.apache.xmlgraphics:xmlgraphics-commons,org.apache.xmlgraphics.image.writer.internal,TIFFImageWriter,173,5,6,0,28,2,8,2,5,2
org.apache.xmlgraphics:xmlgraphics-commons,org.apache.xmlgraphics.image.writer.internal,TIFFImageWriter.TIFFMultiImageWriter,54,0,4,0,14,0,5,0,3,0
org.apache.xmlgraphics:xmlgraphics-commons,org.apache.xmlgraphics.image.writer.internal,PNGImageWriter,16,5,0,0,5,2,2,2,2,2
org.apache.xmlgraphics:xmlgraphics-commons,org.apache.xmlgraphics.io,XmlSourceUtil,2,179,4,36,1,54,4,22,0,6
org.apache.xmlgraphics:xmlgraphics-commons,org.apache.xmlgraphics.io,Resource,15,0,0,0,6,0,3,0,3,0
org.apache.xmlgraphics:xmlgraphics-commons,org.apache.xmlgraphics.io,URIResolverAdapter,61,0,2,0,15,0,4,0,3,0
org.apache.xmlgraphics:xmlgraphics-commons,org.apache.xmlgraphics.io,TempResourceURIGenerator,0,42,0,0,0,7,0,4,0,4
org.apache.xmlgraphics:xmlgraphics-commons,org.apache.xmlgraphics.image.codec.util,SimpleRenderedImage,450,35,24,0,83,11,37,10,25,10
org.apache.xmlgraphics:xmlgraphics-commons,org.apache.xmlgraphics.image.codec.util,SingleTileRenderedImage,54,0,4,0,12,0,4,0,2,0
org.apache.xmlgraphics:xmlgraphics-commons,org.apache.xmlgraphics.image.codec.util,ForwardSeekableStream,43,70,5,3,9,21,9,7,5,7
org.apache.xmlgraphics:xmlgraphics-commons,org.apache.xmlgraphics.image.codec.util,MemoryCacheSeekableStream,83,149,13,13,20,32,14,6,3,4
org.apache.xmlgraphics:xmlgraphics-commons,org.apache.xmlgraphics.image.codec.util,ImageEncoderImpl,20,9,0,0,7,4,4,1,4,1
org.apache.xmlgraphics:xmlgraphics-commons,org.apache.xmlgraphics.image.codec.util,ImageDecoderImpl,32,16,0,0,12,5,7,2,7,2
org.apache.xmlgraphics:xmlgraphics-commons,org.apache.xmlgraphics.image.codec.util,ImageInputStreamSeekableStreamAdapter,0,34,0,0,0,12,0,7,0,7
org.apache.xmlgraphics:xmlgraphics-commons,org.apache.xmlgraphics.image.codec.util,PropertyUtil,3,13,0,0,2,3,0,2,0,2
org.apache.xmlgraphics:xmlgraphics-commons,org.apache.xmlgraphics.image.codec.util,SeekableOutputStream,48,0,2,0,18,0,9,0,8,0
org.apache.xmlgraphics:xmlgraphics-commons,org.apache.xmlgraphics.image.codec.util,SeekableStream,361,193,41,6,90,41,44,11,20,11
org.apache.xmlgraphics:xmlgraphics-commons,org.apache.xmlgraphics.image.codec.util,FileCacheSeekableStream,233,0,24,0,55,0,20,0,8,0
org.apache.xmlgraphics:xmlgraphics-commons,org.apache.xmlgraphics.image.loader.impl.imageio,ImageIOUtil,66,92,7,15,18,24,8,8,2,3
org.apache.xmlgraphics:xmlgraphics-commons,org.apache.xmlgraphics.image.loader.impl.imageio,ImageLoaderFactoryImageIO,1,31,1,1,0,6,1,6,0,6
org.apache.xmlgraphics:xmlgraphics-commons,org.apache.xmlgraphics.image.loader.impl.imageio,PreloaderImageIO,14,137,8,12,5,38,8,5,0,3
org.apache.xmlgraphics:xmlgraphics-commons,org.apache.xmlgraphics.image.loader.impl.imageio,ImageLoaderImageIO,215,434,28,46,58,121,23,25,1,9
org.apache.xmlgraphics:xmlgraphics-commons,org.apache.xmlgraphics.ps.dsc.events,DSCCommentPageBoundingBox,9,0,0,0,5,0,3,0,3,0
org.apache.xmlgraphics:xmlgraphics-commons,org.apache.xmlgraphics.ps.dsc.events,AbstractResourceDSCComment,106,46,10,2,22,14,10,2,4,2
org.apache.xmlgraphics:xmlgraphics-commons,org.apache.xmlgraphics.ps.dsc.events,DSCCommentLanguageLevel,24,13,2,0,8,6,4,4,3,4
org.apache.xmlgraphics:xmlgraphics-commons,org.apache.xmlgraphics.ps.dsc.events,UnparsedDSCComment,36,19,4,0,4,9,5,6,3,6
org.apache.xmlgraphics:xmlgraphics-commons,org.apache.xmlgraphics.ps.dsc.events,AbstractDSCComment,37,166,8,27,15,51,9,22,1,8
org.apache.xmlgraphics:xmlgraphics-commons,org.apache.xmlgraphics.ps.dsc.events,PostScriptLine,12,8,0,0,5,4,4,2,4,2
org.apache.xmlgraphics:xmlgraphics-commons,org.apache.xmlgraphics.ps.dsc.events,DSCCommentBoundingBox,72,49,2,0,14,12,5,4,4,4
org.apache.xmlgraphics:xmlgraphics-commons,org.apache.xmlgraphics.ps.dsc.events,DSCCommentBeginDocument,116,0,12,0,34,0,16,0,10,0
org.apache.xmlgraphics:xmlgraphics-commons,org.apache.xmlgraphics.ps.dsc.events,PostScriptComment,18,19,1,3,3,7,2,5,1,4
org.apache.xmlgraphics:xmlgraphics-commons,org.apache.xmlgraphics.ps.dsc.events,DSCAtend,24,0,0,0,10,0,7,0,7,0
org.apache.xmlgraphics:xmlgraphics-commons,org.apache.xmlgraphics.ps.dsc.events,DSCCommentPageHiResBoundingBox,9,0,0,0,5,0,3,0,3,0
org.apache.xmlgraphics:xmlgraphics-commons,org.apache.xmlgraphics.ps.dsc.events,AbstractResourcesDSCComment,146,110,17,9,35,35,16,7,5,5
org.apache.xmlgraphics:xmlgraphics-commons,org.apache.xmlgraphics.ps.dsc.events,DSCCommentDocumentNeededResources,9,0,0,0,5,0,3,0,3,0
org.apache.xmlgraphics:xmlgraphics-commons,org.apache.xmlgraphics.ps.dsc.events,DSCCommentPage,86,0,2,0,27,0,12,0,11,0
org.apache.xmlgraphics:xmlgraphics-commons,org.apache.xmlgraphics.ps.dsc.events,DSCCommentIncludeResource,9,0,0,0,5,0,3,0,3,0
org.apache.xmlgraphics:xmlgraphics-commons,org.apache.xmlgraphics.ps.dsc.events,DSCHeaderComment,24,8,0,0,5,4,4,2,4,2
org.apache.xmlgraphics:xmlgraphics-commons,org.apache.xmlgraphics.ps.dsc.events,DSCCommentEndOfFile,7,8,0,0,3,4,2,4,2,4
org.apache.xmlgraphics:xmlgraphics-commons,org.apache.xmlgraphics.ps.dsc.events,DSCCommentPages,37,11,2,0,12,5,7,2,6,2
org.apache.xmlgraphics:xmlgraphics-commons,org.apache.xmlgraphics.ps.dsc.events,DSCCommentHiResBoundingBox,56,5,2,0,10,3,3,2,2,2
org.apache.xmlgraphics:xmlgraphics-commons,org.apache.xmlgraphics.ps.dsc.events,DSCCommentEndComments,7,6,0,0,3,3,2,3,2,3
org.apache.xmlgraphics:xmlgraphics-commons,org.apache.xmlgraphics.ps.dsc.events,DSCCommentDocumentSuppliedResources,6,3,0,0,3,2,2,1,2,1
org.apache.xmlgraphics:xmlgraphics-commons,org.apache.xmlgraphics.ps.dsc.events,DSCCommentTitle,20,16,0,0,8,6,5,2,5,2
org.apache.xmlgraphics:xmlgraphics-commons,org.apache.xmlgraphics.ps.dsc.events,DSCCommentPageResources,9,0,0,0,5,0,3,0,3,0
org.apache.xmlgraphics:xmlgraphics-commons,org.apache.xmlgraphics.ps.dsc.events,DSCCommentBeginResource,55,3,2,0,15,2,7,1,6,1
org.apache.xmlgraphics:xmlgraphics-commons,org.apache.xmlgraphics.ps.dsc.events,AbstractEvent,18,7,0,0,4,3,4,3,4,3
org.apache.xmlgraphics:xmlgraphics-commons,org.apache.xmlgraphics.util.uri,CommonURIResolver.DefaultInstanceHolder,0,5,0,0,0,1,0,1,0,1
org.apache.xmlgraphics:xmlgraphics-commons,org.apache.xmlgraphics.util.uri,DataURIResolver,16,87,0,6,8,22,0,7,0,4
org.apache.xmlgraphics:xmlgraphics-commons,org.apache.xmlgraphics.util.uri,CommonURIResolver,22,65,2,4,9,20,3,5,1,4
org.apache.xmlgraphics:xmlgraphics-commons,org.apache.xmlgraphics.util.uri,DataURLUtil,0,39,0,2,0,11,0,3,0,2
org.apache.xmlgraphics:xmlgraphics-commons,org.apache.xmlgraphics.util.io,RunLengthEncodeOutputStream,385,0,30,0,77,0,23,0,6,0
org.apache.xmlgraphics:xmlgraphics-commons,org.apache.xmlgraphics.util.io,Base64DecodeStream,39,327,7,33,9,61,8,20,4,4
org.apache.xmlgraphics:xmlgraphics-commons,org.apache.xmlgraphics.util.io,ASCII85InputStream,25,242,6,29,5,60,6,17,0,5
org.apache.xmlgraphics:xmlgraphics-commons,org.apache.xmlgraphics.util.io,FlateEncodeOutputStream,0,20,1,1,0,8,1,2,0,2
org.apache.xmlgraphics:xmlgraphics-commons,org.apache.xmlgraphics.util.io,ASCIIHexOutputStream,80,0,8,0,27,0,9,0,5,0
org.apache.xmlgraphics:xmlgraphics-commons,org.apache.xmlgraphics.util.io,SubInputStream,21,74,3,7,6,22,4,7,1,5
org.apache.xmlgraphics:xmlgraphics-commons,org.apache.xmlgraphics.util.io,ASCII85Constants,0,42,0,0,0,3,0,1,0,1
org.apache.xmlgraphics:xmlgraphics-commons,org.apache.xmlgraphics.util.io,Base64EncodeStream,44,700,7,21,16,86,9,17,3,7
org.apache.xmlgraphics:xmlgraphics-commons,org.apache.xmlgraphics.util.io,ASCII85OutputStream,13,392,4,24,3,61,4,19,0,9
org.apache.xmlgraphics:xmlgraphics-commons,org.apache.xmlgraphics.xmp.schemas.pdf,AdobePDFAdapter,24,15,0,0,9,4,5,3,5,3
org.apache.xmlgraphics:xmlgraphics-commons,org.apache.xmlgraphics.xmp.schemas.pdf,PDFUAAdapter,18,0,0,0,5,0,3,0,3,0
org.apache.xmlgraphics:xmlgraphics-commons,org.apache.xmlgraphics.xmp.schemas.pdf,PDFAAdapter,36,0,0,0,11,0,7,0,7,0
org.apache.xmlgraphics:xmlgraphics-commons,org.apache.xmlgraphics.xmp.schemas.pdf,PDFVTAdapter,17,0,0,0,6,0,3,0,3,0
org.apache.xmlgraphics:xmlgraphics-commons,org.apache.xmlgraphics.xmp.schemas.pdf,PDFVTXMPSchema,6,5,0,0,1,2,1,1,1,1
org.apache.xmlgraphics:xmlgraphics-commons,org.apache.xmlgraphics.xmp.schemas.pdf,PDFUAXMPSchema,8,10,0,0,2,3,2,2,2,2
org.apache.xmlgraphics:xmlgraphics-commons,org.apache.xmlgraphics.xmp.schemas.pdf,XAPMMXMPSchema,6,5,0,0,1,2,1,1,1,1
org.apache.xmlgraphics:xmlgraphics-commons,org.apache.xmlgraphics.xmp.schemas.pdf,PDFXXMPSchema,6,5,0,0,1,2,1,1,1,1
org.apache.xmlgraphics:xmlgraphics-commons,org.apache.xmlgraphics.xmp.schemas.pdf,XAPMMAdapter,27,0,0,0,10,0,5,0,5,0
org.apache.xmlgraphics:xmlgraphics-commons,org.apache.xmlgraphics.xmp.schemas.pdf,PDFAXMPSchema,8,10,0,0,2,3,2,2,2,2
org.apache.xmlgraphics:xmlgraphics-commons,org.apache.xmlgraphics.xmp.schemas.pdf,PDFXAdapter,12,0,0,0,4,0,2,0,2,0
org.apache.xmlgraphics:xmlgraphics-commons,org.apache.xmlgraphics.xmp.schemas.pdf,AdobePDFSchema,2,16,0,0,1,4,1,3,1,3
org.apache.xmlgraphics:xmlgraphics-commons,org.apache.xmlgraphics.image.writer,Endianness,27,34,6,0,5,4,4,1,1,1
org.apache.xmlgraphics:xmlgraphics-commons,org.apache.xmlgraphics.image.writer,ImageWriterUtil,35,0,0,0,11,0,3,0,3,0
org.apache.xmlgraphics:xmlgraphics-commons,org.apache.xmlgraphics.image.writer,AbstractImageWriter,7,5,0,0,2,2,2,2,2,2
org.apache.xmlgraphics:xmlgraphics-commons,org.apache.xmlgraphics.image.writer,ImageWriterRegistry,31,209,4,22,10,62,5,17,1,8
org.apache.xmlgraphics:xmlgraphics-commons,org.apache.xmlgraphics.image.writer,ImageWriterParams,62,48,10,0,17,19,16,10,11,10
org.apache.xmlgraphics:xmlgraphics-commons,org.apache.xmlgraphics.image.writer,ResolutionUnit,9,77,0,2,2,14,2,4,2,3
org.apache.xmlgraphics:xmlgraphics-commons,org.apache.xmlgraphics.image.loader.pipeline,ImageConversionEdge,0,38,0,0,0,10,0,5,0,5
org.apache.xmlgraphics:xmlgraphics-commons,org.apache.xmlgraphics.image.loader.pipeline,PipelineFactory,42,414,6,40,5,104,6,26,0,9
org.apache.xmlgraphics:xmlgraphics-commons,org.apache.xmlgraphics.image.loader.pipeline,ImageProviderPipeline,86,318,13,49,15,90,15,30,2,12
org.apache.xmlgraphics:xmlgraphics-commons,org.apache.xmlgraphics.image.loader.pipeline,PipelineFactory.PipelineComparator,0,12,0,0,0,3,0,1,0,1
org.apache.xmlgraphics:xmlgraphics-commons,org.apache.xmlgraphics.image.loader.pipeline,ImageRepresentation,11,42,4,4,1,11,4,7,0,7
org.apache.xmlgraphics:xmlgraphics-commons,org.apache.xmlgraphics.image.loader.util,SoftMapCache,36,90,6,6,6,25,4,12,0,10
org.apache.xmlgraphics:xmlgraphics-commons,org.apache.xmlgraphics.image.loader.util,ImageInputStreamAdapter,26,49,2,4,8,13,5,9,3,8
org.apache.xmlgraphics:xmlgraphics-commons,org.apache.xmlgraphics.image.loader.util,ImageUtil.new InvocationHandler() {...},0,25,0,2,0,7,0,3,0,2
org.apache.xmlgraphics:xmlgraphics-commons,org.apache.xmlgraphics.image.loader.util,SeekableStreamAdapter,7,26,0,0,2,8,2,5,2,5
org.apache.xmlgraphics:xmlgraphics-commons,org.apache.xmlgraphics.image.loader.util,Penalty,16,66,2,5,1,17,2,11,1,8
org.apache.xmlgraphics:xmlgraphics-commons,org.apache.xmlgraphics.image.loader.util,ImageUtil,46,226,11,27,11,58,15,21,5,12
org.apache.xmlgraphics:xmlgraphics-commons,org.apache.xmlgraphics.image.loader.util,SoftReferenceWithKey,3,8,0,0,1,3,1,1,1,1
org.apache.xmlgraphics:xmlgraphics-commons,org.apache.xmlgraphics.util,Service,24,195,7,17,9,53,7,13,1,7
org.apache.xmlgraphics:xmlgraphics-commons,org.apache.xmlgraphics.util,DateFormatUtil,0,217,0,12,0,53,0,18,0,12
org.apache.xmlgraphics:xmlgraphics-commons,org.apache.xmlgraphics.util,UnitConv,200,52,16,0,34,9,12,9,4,9
org.apache.xmlgraphics:xmlgraphics-commons,org.apache.xmlgraphics.util,WriterOutputStream,36,29,1,1,9,9,5,3,4,3
org.apache.xmlgraphics:xmlgraphics-commons,org.apache.xmlgraphics.util,ClasspathResource,5,161,5,17,5,59,5,12,0,6
org.apache.xmlgraphics:xmlgraphics-commons,org.apache.xmlgraphics.util,DoubleFormatUtil,46,746,17,115,5,144,18,59,1,10
org.apache.xmlgraphics:xmlgraphics-commons,org.apache.xmlgraphics.util,ImageIODebugUtil,47,0,2,0,18,0,3,0,2,0
org.apache.xmlgraphics:xmlgraphics-commons,org.apache.xmlgraphics.util,QName,50,140,14,14,8,34,13,11,1,9
org.apache.xmlgraphics:xmlgraphics-commons,org.apache.xmlgraphics.util.dijkstra,DijkstraAlgorithm,5,191,3,13,1,48,3,16,0,11
org.apache.xmlgraphics:xmlgraphics-commons,org.apache.xmlgraphics.util.dijkstra,DijkstraAlgorithm.new Comparator() {...},2,31,1,3,1,7,1,3,0,2
org.apache.xmlgraphics:xmlgraphics-commons,org.apache.xmlgraphics.util.dijkstra,DefaultEdgeDirectory,15,113,7,13,3,33,6,10,0,6
org.apache.xmlgraphics:xmlgraphics-commons,org.apache.xmlgraphics.fonts,Glyphs,129,5888,22,36,25,201,19,19,3,6
org.apache.xmlgraphics:xmlgraphics-commons,org.apache.xmlgraphics.ps.dsc,EventRecorder.PSLine,9,0,0,0,4,0,2,0,2,0
org.apache.xmlgraphics:xmlgraphics-commons,org.apache.xmlgraphics.ps.dsc,DSCParser,235,339,42,48,68,91,40,36,11,18
org.apache.xmlgraphics:xmlgraphics-commons,org.apache.xmlgraphics.ps.dsc,FilteringEventListener,0,15,0,2,0,6,0,3,0,2
org.apache.xmlgraphics:xmlgraphics-commons,org.apache.xmlgraphics.ps.dsc,DefaultNestedDocumentHandler,119,0,18,0,36,0,12,0,3,0
org.apache.xmlgraphics:xmlgraphics-commons,org.apache.xmlgraphics.ps.dsc,ResourceTracker.Counter,20,0,0,0,6,0,4,0,4,0
org.apache.xmlgraphics:xmlgraphics-commons,org.apache.xmlgraphics.ps.dsc,DefaultDSCHandler,45,0,0,0,14,0,6,0,6,0
org.apache.xmlgraphics:xmlgraphics-commons,org.apache.xmlgraphics.ps.dsc,ResourceTracker,265,3,50,0,73,1,40,1,15,1
org.apache.xmlgraphics:xmlgraphics-commons,org.apache.xmlgraphics.ps.dsc,EventRecorder,103,0,8,0,24,0,11,0,7,0
org.apache.xmlgraphics:xmlgraphics-commons,org.apache.xmlgraphics.ps.dsc,DSCException,0,4,0,0,0,2,0,1,0,1
org.apache.xmlgraphics:xmlgraphics-commons,org.apache.xmlgraphics.ps.dsc,DSCCommentFactory,48,103,0,2,10,22,0,3,0,2
org.apache.xmlgraphics:xmlgraphics-commons,org.apache.xmlgraphics.ps.dsc,DSCParser.MyDSCListener,9,0,0,0,3,0,2,0,2,0
org.apache.xmlgraphics:xmlgraphics-commons,org.apache.xmlgraphics.ps.dsc,EventRecorder.PSComment,9,0,0,0,4,0,2,0,2,0
org.apache.xmlgraphics:xmlgraphics-commons,org.apache.xmlgraphics.ps,PSDictionary.Maker,419,0,56,0,72,0,33,0,5,0
org.apache.xmlgraphics:xmlgraphics-commons,org.apache.xmlgraphics.ps,PSImageUtils.new ImageEncoder() {...},21,0,2,0,6,0,4,0,3,0
org.apache.xmlgraphics:xmlgraphics-commons,org.apache.xmlgraphics.ps,PSProcSets,16,13,0,0,8,5,4,1,4,1
org.apache.xmlgraphics:xmlgraphics-commons,org.apache.xmlgraphics.ps,PSImageUtils.new ImageEncoder() {...},21,0,2,0,6,0,4,0,3,0
org.apache.xmlgraphics:xmlgraphics-commons,org.apache.xmlgraphics.ps,PSDictionary,133,64,15,5,30,13,11,4,3,2
org.apache.xmlgraphics:xmlgraphics-commons,org.apache.xmlgraphics.ps,DSCConstants.AtendIndicator,0,2,0,0,0,1,0,1,0,1
org.apache.xmlgraphics:xmlgraphics-commons,org.apache.xmlgraphics.ps,DSCConstants,0,6,0,0,0,1,0,1,0,1
org.apache.xmlgraphics:xmlgraphics-commons,org.apache.xmlgraphics.ps,PSProcSet,46,11,0,0,9,4,4,1,4,1
org.apache.xmlgraphics:xmlgraphics-commons,org.apache.xmlgraphics.ps,PSResource,44,39,5,3,11,13,7,5,4,4
org.apache.xmlgraphics:xmlgraphics-commons,org.apache.xmlgraphics.ps,PSFontUtils,296,0,30,0,75,0,22,0,6,0
org.apache.xmlgraphics:xmlgraphics-commons,org.apache.xmlgraphics.ps,PSDictionaryFormatException,4,0,0,0,2,0,1,0,1,0
org.apache.xmlgraphics:xmlgraphics-commons,org.apache.xmlgraphics.ps,ImageEncodingHelper,361,521,80,52,70,124,61,30,4,18
org.apache.xmlgraphics:xmlgraphics-commons,org.apache.xmlgraphics.ps,ImageFormGenerator,226,0,12,0,47,0,13,0,7,0
org.apache.xmlgraphics:xmlgraphics-commons,org.apache.xmlgraphics.ps,PSPageDeviceDictionary,26,67,10,6,8,19,9,6,2,5
org.apache.xmlgraphics:xmlgraphics-commons,org.apache.xmlgraphics.ps,ImageEncodingHelper.RenderedImageEncoder,0,13,0,0,0,6,0,3,0,3
org.apache.xmlgraphics:xmlgraphics-commons,org.apache.xmlgraphics.ps,PSProcSets.StdProcSet,512,125,2,2,156,27,2,4,1,3
org.apache.xmlgraphics:xmlgraphics-commons,org.apache.xmlgraphics.ps,PSGenerator,746,447,84,27,160,102,84,35,36,24
org.apache.xmlgraphics:xmlgraphics-commons,org.apache.xmlgraphics.ps,PSImageUtils,1268,431,83,19,258,87,70,13,19,11
org.apache.xmlgraphics:xmlgraphics-commons,org.apache.xmlgraphics.ps,PSState,155,104,26,2,41,25,23,5,9,5
org.apache.xmlgraphics:xmlgraphics-commons,org.apache.xmlgraphics.ps,PSProcSets.EPSProcSet,122,6,0,0,31,2,1,1,1,1
org.apache.xmlgraphics:xmlgraphics-commons,org.apache.xmlgraphics.ps,PSDictionary.Maker.Token,9,0,0,0,3,0,1,0,1,0
org.apache.xmlgraphics:xmlgraphics-commons,org.apache.xmlgraphics.ps,FormGenerator,149,0,4,0,33,0,10,0,8,0
org.apache.xmlgraphics:xmlgraphics-commons,org.apache.xmlgraphics.image.loader.spi,ImageImplRegistry.ImageLoaderFactoryComparator,0,54,0,0,0,11,0,2,0,2
org.apache.xmlgraphics:xmlgraphics-commons,org.apache.xmlgraphics.image.loader.spi,ImageImplRegistry.PreloaderHolder,13,0,0,0,1,0,1,0,1,0
org.apache.xmlgraphics:xmlgraphics-commons,org.apache.xmlgraphics.image.loader.spi,ImageImplRegistry.new Comparator() {...},0,62,0,2,0,12,0,3,0,2
org.apache.xmlgraphics:xmlgraphics-commons,org.apache.xmlgraphics.image.loader.spi,ImageImplRegistry.MyIterator,6,17,1,1,3,5,2,3,1,3
org.apache.xmlgraphics:xmlgraphics-commons,org.apache.xmlgraphics.image.loader.spi,ImageImplRegistry,76,456,17,49,12,120,16,35,0,18
org.apache.xmlgraphics:xmlgraphics-commons,org.apache.xmlgraphics.xmp.merge,NoReplacePropertyMerger,11,3,2,0,4,1,2,1,1,1
org.apache.xmlgraphics:xmlgraphics-commons,org.apache.xmlgraphics.xmp.merge,ArrayAddPropertyMerger,52,3,8,0,12,1,5,1,1,1
org.apache.xmlgraphics:xmlgraphics-commons,org.apache.xmlgraphics.xmp.merge,ReplacePropertyMerger,4,3,0,0,2,1,1,1,1,1
org.apache.xmlgraphics:xmlgraphics-commons,org.apache.xmlgraphics.xmp.merge,MergeRuleSet,14,20,2,0,2,6,2,2,1,2
org.apache.xmlgraphics:xmlgraphics-commons,org.apache.xmlgraphics.java2d.color,RenderingIntent,21,71,4,1,5,11,5,3,1,3
org.apache.xmlgraphics:xmlgraphics-commons,org.apache.xmlgraphics.java2d.color,ColorWithAlternatives,165,45,23,5,43,11,21,6,9,4
org.apache.xmlgraphics:xmlgraphics-commons,org.apache.xmlgraphics.java2d.color,GrayScaleColorConverter,0,30,0,0,0,6,0,3,0,3
org.apache.xmlgraphics:xmlgraphics-commons,org.apache.xmlgraphics.java2d.color,NamedColorSpace,203,62,16,4,38,16,26,4,16,4
org.apache.xmlgraphics:xmlgraphics-commons,org.apache.xmlgraphics.java2d.color,ColorSpaces.new ColorSpaceOrigin() {...},4,3,0,0,2,1,2,1,2,1
org.apache.xmlgraphics:xmlgraphics-commons,org.apache.xmlgraphics.java2d.color,AbstractDeviceSpecificColorSpace,0,5,0,0,0,2,0,1,0,1
org.apache.xmlgraphics:xmlgraphics-commons,org.apache.xmlgraphics.java2d.color,DeviceCMYKColorSpace,55,119,5,5,8,15,8,7,3,7
org.apache.xmlgraphics:xmlgraphics-commons,org.apache.xmlgraphics.java2d.color,ColorSpaces,14,28,4,4,5,9,5,5,2,4
org.apache.xmlgraphics:xmlgraphics-commons,org.apache.xmlgraphics.java2d.color,ICCColorSpaceWithIntent,91,0,7,0,22,0,14,0,9,0
org.apache.xmlgraphics:xmlgraphics-commons,org.apache.xmlgraphics.java2d.color,CIELabColorSpace,269,290,19,11,47,50,21,18,7,15
org.apache.xmlgraphics:xmlgraphics-commons,org.apache.xmlgraphics.java2d.color,ColorUtil,191,98,15,17,26,20,13,8,3,2
org.apache.xmlgraphics:xmlgraphics-commons,org.apache.xmlgraphics.java2d.color,DefaultColorConverter,9,0,0,0,3,0,3,0,3,0
org.apache.xmlgraphics:xmlgraphics-commons,org.apache.xmlgraphics.java2d.ps,PSTilingPattern,390,439,83,17,81,81,63,10,14,9
org.apache.xmlgraphics:xmlgraphics-commons,org.apache.xmlgraphics.java2d.ps,PSGraphics2D,363,876,40,52,85,202,49,39,14,24
org.apache.xmlgraphics:xmlgraphics-commons,org.apache.xmlgraphics.java2d.ps,EPSDocumentGraphics2D,157,0,4,0,27,0,6,0,4,0
org.apache.xmlgraphics:xmlgraphics-commons,org.apache.xmlgraphics.java2d.ps,AbstractPSDocumentGraphics2D,233,0,18,0,60,0,23,0,14,0
org.apache.xmlgraphics:xmlgraphics-commons,org.apache.xmlgraphics.java2d.ps,PSDocumentGraphics2D,223,0,4,0,43,0,9,0,7,0
org.apache.xmlgraphics:xmlgraphics-commons,org.apache.xmlgraphics.util.i18n,LocalizableSupport,102,69,14,8,25,17,17,4,7,3
org.apache.xmlgraphics:xmlgraphics-commons,org.apache.xmlgraphics.util.i18n,LocaleGroup,4,11,0,0,2,3,1,3,1,3
org.apache.xmlgraphics:xmlgraphics-commons,org.apache.xmlgraphics.image.writer.imageio,ImageIOImageWriter.IIOMultiImageWriter,119,0,12,0,29,0,9,0,3,0
org.apache.xmlgraphics:xmlgraphics-commons,org.apache.xmlgraphics.image.writer.imageio,ImageIOTIFFImageWriter,307,4,20,0,68,2,18,1,8,1
org.apache.xmlgraphics:xmlgraphics-commons,org.apache.xmlgraphics.image.writer.imageio,ImageIOJPEGImageWriter,61,141,7,8,13,40,7,5,0,4
org.apache.xmlgraphics:xmlgraphics-commons,org.apache.xmlgraphics.image.writer.imageio,ImageIOPNGImageWriter,0,4,0,0,0,2,0,1,0,1
org.apache.xmlgraphics:xmlgraphics-commons,org.apache.xmlgraphics.image.writer.imageio,ImageIOImageWriter,64,290,13,23,14,75,16,18,3,13
