CLASS,BRANCH_MISSED,BRANCH_COVERED,Total_Branch,Branch_covergae,LINE_MISSED,LINE_COVERED,Total_Line,Line_Coverage,COMPLEXITY_MISSED,COMPLEXITY_COVERED,Total_complexity
TiedMapEntry,5,17,22,0.772727273,1,21,22,0.954545455,5,13,18
AbstractMapEntry,1,19,20,0.95,0,13,13,1,1,13,14
UnmodifiableMapEntry,0,0,0,100,0,7,7,1,0,4,4
AbstractKeyValue,0,0,0,100,0,17,17,1,0,6,6
MultiKey,0,12,12,1,0,37,37,1,0,20,20
DefaultMapEntry,0,0,0,100,0,6,6,1,0,3,3
DefaultKeyValue,5,19,24,0.791666667,1,24,25,0.96,5,16,21
AbstractMapEntryDecorator,2,2,4,0.5,3,11,14,0.785714286,3,7,10
TransformedSplitMap,3,5,8,0.625,7,23,30,0.766666667,5,10,15
AbstractIterableGetMapDecorator,2,2,4,0.5,5,18,23,0.782608696,5,13,18
AbstractCollectionDecorator,0,2,2,1,2,23,25,0.92,1,18,19
TransformedCollection,1,7,8,0.875,0,21,21,1,1,10,11
IndexedCollection,1,21,22,0.954545455,1,55,56,0.982142857,2,25,27
UnmodifiableBoundedCollection,5,9,14,0.642857143,7,21,28,0.75,7,13,20
PredicatedCollection,0,8,8,1,0,20,20,1,0,11,11
CompositeCollection,1,41,42,0.976190476,14,83,97,0.855670103,7,39,46
SynchronizedCollection,3,9,12,0.75,2,49,51,0.960784314,3,23,26
PredicatedCollection.Builder,8,10,18,0.555555556,12,36,48,0.75,9,14,23
UnmodifiableCollection,0,2,2,1,0,13,13,1,0,10,10
TransformingComparator,9,13,22,0.590909091,0,22,22,1,7,9,16
ReverseComparator,2,6,8,0.75,3,12,15,0.8,3,6,9
BooleanComparator,1,13,14,0.928571429,1,17,18,0.944444444,2,15,17
ComparableComparator,0,6,6,1,0,8,8,1,0,9,9
FixedOrderComparator.UnknownObjectBehavior,0,0,0,100,0,2,2,1,0,1,1
FixedOrderComparator,22,44,66,0.666666667,6,57,63,0.904761905,20,26,46
NullComparator,8,16,24,0.666666667,6,17,23,0.739130435,10,9,19
ComparatorChain,15,27,42,0.642857143,19,58,77,0.753246753,18,21,39
SortedProperties,0,2,2,1,0,8,8,1,0,3,3
KeepCommand,0,0,0,100,0,4,4,1,0,2,2
DeleteCommand,0,0,0,100,0,4,4,1,0,2,2
SequencesComparator,3,79,82,0.963414634,1,79,80,0.9875,3,44,47
SequencesComparator.Snake,0,0,0,100,0,8,8,1,0,4,4
ReplacementsFinder,4,0,4,0,17,0,17,0,6,0,6
EditCommand,0,0,0,100,0,4,4,1,0,2,2
InsertCommand,0,0,0,100,0,4,4,1,0,2,2
EditScript,0,2,2,1,1,19,20,0.95,1,7,8
StringKeyAnalyzer,10,24,34,0.705882353,4,36,40,0.9,11,14,25
AbstractMapBag,8,74,82,0.902439024,3,163,166,0.981927711,8,60,68
PredicatedBag,0,4,4,1,0,11,11,1,0,11,11
SynchronizedBag,0,2,2,1,2,19,21,0.904761905,1,10,11
AbstractMapBag.BagIterator,1,13,14,0.928571429,1,26,27,0.962962963,1,10,11
PredicatedSortedBag,0,0,0,100,0,7,7,1,0,6,6
AbstractSortedBagDecorator,0,0,0,100,3,5,8,0.625,2,4,6
UnmodifiableSortedBag,0,2,2,1,3,19,22,0.863636364,3,12,15
SynchronizedBag.SynchronizedBagSet,0,0,0,100,0,3,3,1,0,1,1
AbstractBagDecorator,0,4,4,1,3,8,11,0.727272727,2,9,11
SynchronizedSortedBag,0,0,0,100,9,3,12,0.25,5,2,7
TransformedSortedBag,4,0,4,0,8,6,14,0.428571429,4,5,9
TransformedBag,1,7,8,0.875,0,18,18,1,1,13,14
AbstractMapBag.MutableInteger,4,0,4,0,4,3,7,0.428571429,4,1,5
TreeBag,0,6,6,1,3,21,24,0.875,1,12,13
CollectionBag,3,21,24,0.875,2,42,44,0.954545455,3,20,23
CollectionSortedBag,3,21,24,0.875,2,42,44,0.954545455,3,20,23
UnmodifiableBag,0,2,2,1,3,20,23,0.869565217,3,12,15
HashBag,0,0,0,100,0,11,11,1,0,4,4
AbstractPatriciaTrie.RangeEntryMap,10,24,34,0.705882353,7,30,37,0.810810811,11,16,27
AbstractPatriciaTrie.PrefixRangeEntrySet,0,6,6,1,0,15,15,1,0,6,6
AbstractPatriciaTrie.KeySet.KeyIterator,0,0,0,100,0,2,2,1,0,2,2
AbstractPatriciaTrie.RangeMap,25,25,50,0.5,16,30,46,0.652173913,18,21,39
AbstractPatriciaTrie.KeySet,0,2,2,1,0,9,9,1,0,7,7
AbstractPatriciaTrie.TrieIterator,1,9,10,0.9,1,25,26,0.961538462,1,10,11
AbstractPatriciaTrie.TrieEntry,8,18,26,0.692307692,6,35,41,0.853658537,8,10,18
AbstractPatriciaTrie.RangeEntrySet.EntryIterator,0,10,10,1,0,8,8,1,0,8,8
AbstractPatriciaTrie.RangeEntrySet,2,28,30,0.933333333,2,40,42,0.952380952,2,19,21
AbstractPatriciaTrie.EntrySet,1,9,10,0.9,1,15,16,0.9375,1,10,11
KeyAnalyzer,8,6,14,0.428571429,3,7,10,0.7,8,5,13
UnmodifiableTrie,0,4,4,1,6,30,36,0.833333333,5,24,29
AbstractPatriciaTrie.Values.ValueIterator,0,0,0,100,0,2,2,1,0,2,2
PatriciaTrie,0,0,0,100,2,2,4,0.5,1,1,2
AbstractPatriciaTrie.EntrySet.EntryIterator,0,0,0,100,0,2,2,1,0,2,2
AbstractPatriciaTrie.PrefixRangeEntrySet.SingletonIterator,3,3,6,0.5,6,8,14,0.571428571,3,4,7
AbstractBitwiseTrie.BasicEntry,2,10,12,0.833333333,5,21,26,0.807692308,4,11,15
AbstractPatriciaTrie.TrieMapIterator,1,11,12,0.916666667,1,24,25,0.96,1,14,15
AbstractPatriciaTrie.Reference,0,0,0,100,3,0,3,0,2,0,2
AbstractPatriciaTrie.PrefixRangeEntrySet.EntryIterator,1,9,10,0.9,0,22,22,1,1,8,9
AbstractPatriciaTrie,100,196,296,0.662162162,130,306,436,0.701834862,75,124,199
AbstractPatriciaTrie.PrefixRangeMap,4,36,40,0.9,8,56,64,0.875,12,23,35
AbstractPatriciaTrie.Values,0,4,4,1,0,13,13,1,0,8,8
AbstractBitwiseTrie,5,15,20,0.75,4,24,28,0.857142857,5,15,20
NodeCachingLinkedList,0,12,12,1,4,51,55,0.927272727,2,18,20
TreeList,2,16,18,0.888888889,1,53,54,0.981481481,2,23,25
SetUniqueList.SetListIterator,0,0,0,100,0,10,10,1,0,3,3
PredicatedList.PredicatedListIterator,0,0,0,100,0,9,9,1,0,3,3
AbstractSerializableListDecorator,0,0,0,100,0,8,8,1,0,3,3
TransformedList,1,7,8,0.875,2,26,28,0.928571429,2,18,20
FixedSizeList,0,0,0,100,7,16,23,0.695652174,6,15,21
FixedSizeList.FixedSizeListIterator,0,0,0,100,2,3,5,0.6,2,1,3
AbstractLinkedList,9,91,100,0.91,8,190,198,0.95959596,10,89,99
CursorableLinkedList.SubCursor,0,4,4,1,0,14,14,1,0,8,8
AbstractLinkedList.LinkedListIterator,0,14,14,1,0,50,50,1,0,19,19
TransformedList.TransformedListIterator,0,0,0,100,0,9,9,1,0,3,3
UnmodifiableList,0,2,2,1,0,21,21,1,0,17,17
AbstractListDecorator,0,4,4,1,2,16,18,0.888888889,1,16,17
GrowthList,1,5,6,0.833333333,2,20,22,0.909090909,2,8,10
CursorableLinkedList.Cursor,3,23,26,0.884615385,2,51,53,0.962264151,3,19,22
AbstractLinkedList.Node,0,0,0,100,11,10,21,0.476190476,5,4,9
CursorableLinkedList,7,19,26,0.730769231,8,76,84,0.904761905,8,25,33
SetUniqueList,2,26,28,0.928571429,7,69,76,0.907894737,3,31,34
AbstractLinkedList.LinkedSubList,5,11,16,0.6875,6,57,63,0.904761905,6,16,22
SetUniqueList.SetListListIterator,0,2,2,1,0,17,17,1,0,7,7
AbstractLinkedList.LinkedSubListIterator,0,4,4,1,0,14,14,1,0,8,8
PredicatedList,0,6,6,1,2,21,23,0.913043478,1,17,18
TreeList.AVLNode,14,134,148,0.905405405,16,246,262,0.938931298,13,95,108
LazyList,2,6,8,0.75,6,15,21,0.714285714,3,5,8
TreeList.TreeListIterator,1,21,22,0.954545455,1,56,57,0.98245614,1,21,22
ComparatorPredicate,3,17,20,0.85,3,23,26,0.884615385,3,13,16
MapTransformer,0,2,2,1,1,7,8,0.875,1,4,5
ExceptionPredicate,0,0,0,100,0,4,4,1,0,4,4
PrototypeFactory.PrototypeSerializationFactory,0,2,2,1,4,17,21,0.80952381,0,3,3
InstantiateTransformer,10,14,24,0.583333333,8,19,27,0.703703704,10,8,18
OrPredicate,1,7,8,0.875,1,8,9,0.888888889,2,6,8
NotNullPredicate,0,2,2,1,0,4,4,1,0,5,5
FactoryTransformer,0,2,2,1,1,7,8,0.875,1,4,5
NonePredicate,0,8,8,1,0,14,14,1,0,8,8
ComparatorPredicate.Criterion,0,0,0,100,0,2,2,1,0,1,1
ForClosure,0,8,8,1,2,12,14,0.857142857,2,7,9
StringValueTransformer,0,0,0,100,0,4,4,1,0,4,4
WhileClosure,0,8,8,1,3,15,18,0.833333333,3,7,10
UniquePredicate,0,0,0,100,0,5,5,1,0,3,3
ChainedTransformer,0,10,10,1,1,19,20,0.95,1,10,11
TransformerClosure,0,2,2,1,1,8,9,0.888888889,1,4,5
NullPredicate,0,2,2,1,0,4,4,1,0,5,5
InstanceofPredicate,1,1,2,0.5,2,6,8,0.75,2,3,5
AbstractQuantifierPredicate,0,0,0,100,1,3,4,0.75,1,1,2
AnyPredicate,1,11,12,0.916666667,1,17,18,0.944444444,1,9,10
IdentityPredicate,0,4,4,1,1,7,8,0.875,1,5,6
IfTransformer,2,10,12,0.833333333,4,17,21,0.80952381,5,8,13
CatchAndRethrowClosure,0,0,0,100,0,8,8,1,0,2,2
PredicateTransformer,0,2,2,1,1,7,8,0.875,1,4,5
ExceptionFactory,0,0,0,100,0,4,4,1,0,4,4
SwitchTransformer,2,24,26,0.923076923,3,36,39,0.923076923,5,16,21
EqualPredicate,0,6,6,1,1,15,16,0.9375,1,8,9
NullIsExceptionPredicate,0,4,4,1,1,9,10,0.9,1,5,6
ConstantTransformer,11,3,14,0.214285714,9,11,20,0.55,8,7,15
InstantiateFactory,5,17,22,0.772727273,7,27,34,0.794117647,5,11,16
NullIsFalsePredicate,0,4,4,1,1,9,10,0.9,1,5,6
PrototypeFactory,0,4,4,1,0,13,13,1,0,3,3
NOPTransformer,0,0,0,100,0,4,4,1,0,4,4
CloneTransformer,0,2,2,1,0,5,5,1,0,4,4
DefaultEquator,2,6,8,0.75,1,4,5,0.8,3,6,9
PrototypeFactory.PrototypeCloneFactory,1,1,2,0.5,10,6,16,0.375,2,2,4
ChainedClosure,0,12,12,1,1,23,24,0.958333333,1,11,12
ConstantFactory,0,2,2,1,1,8,9,0.888888889,1,5,6
ClosureTransformer,0,2,2,1,1,8,9,0.888888889,1,4,5
FalsePredicate,0,0,0,100,0,4,4,1,0,4,4
NullIsTruePredicate,0,4,4,1,1,9,10,0.9,1,5,6
InvokerTransformer,4,24,28,0.857142857,6,28,34,0.823529412,4,15,19
FunctorUtils,3,27,30,0.9,5,36,41,0.87804878,5,20,25
TransformedPredicate,1,3,4,0.75,3,10,13,0.769230769,3,4,7
SwitchClosure,2,22,24,0.916666667,3,35,38,0.921052632,5,15,20
ExceptionClosure,0,0,0,100,0,4,4,1,0,4,4
IfClosure,3,5,8,0.625,7,13,20,0.65,7,5,12
OnePredicate,1,9,10,0.9,1,16,17,0.941176471,1,8,9
AndPredicate,1,7,8,0.875,1,8,9,0.888888889,2,6,8
AllPredicate,0,12,12,1,0,18,18,1,0,10,10
TruePredicate,0,0,0,100,0,4,4,1,0,4,4
ExceptionTransformer,0,0,0,100,0,4,4,1,0,4,4
NotPredicate,0,4,4,1,1,7,8,0.875,1,5,6
TransformerPredicate,0,4,4,1,1,10,11,0.909090909,1,5,6
NOPClosure,0,0,0,100,0,4,4,1,0,4,4
AbstractDualBidiMap,0,18,18,1,0,64,64,1,0,34,34
TreeBidiMap.InverseViewMapIterator,0,4,4,1,1,11,12,0.916666667,1,7,8
TreeBidiMap,29,226,255,0.88627451,32,433,465,0.931182796,29,164,193
AbstractDualBidiMap.Values,0,2,2,1,0,9,9,1,0,5,5
AbstractDualBidiMap.MapEntry,0,4,4,1,0,9,9,1,0,4,4
AbstractDualBidiMap.KeySetIterator,0,2,2,1,0,16,16,1,0,4,4
AbstractDualBidiMap.EntrySet,1,9,10,0.9,0,14,14,1,1,7,8
TreeBidiMap.InverseViewMapEntryIterator,0,0,0,100,1,5,6,0.833333333,1,3,4
TreeBidiMap.ViewMapIterator,0,4,4,1,1,11,12,0.916666667,1,7,8
AbstractSortedBidiMapDecorator,0,0,0,100,6,3,9,0.333333333,6,2,8
DualLinkedHashBidiMap,0,0,0,100,3,14,17,0.823529412,1,5,6
AbstractDualBidiMap.BidiMapIterator,0,14,14,1,4,33,37,0.891891892,1,15,16
AbstractDualBidiMap.View,0,18,18,1,0,26,26,1,0,15,15
AbstractOrderedBidiMapDecorator,0,0,0,100,2,7,9,0.777777778,2,6,8
TreeBidiMap.ValueView,0,4,4,1,0,7,7,1,0,6,6
TreeBidiMap.KeyView,0,4,4,1,0,7,7,1,0,6,6
TreeBidiMap.ViewIterator,9,11,20,0.55,12,27,39,0.692307692,7,9,16
UnmodifiableBidiMap,0,4,4,1,0,23,23,1,0,14,14
TreeBidiMap.Inverse,8,10,18,0.555555556,12,34,46,0.739130435,8,25,33
TreeBidiMap.Node,6,17,23,0.739130435,2,49,51,0.960784314,6,27,33
TreeBidiMap.EntryView,1,11,12,0.916666667,1,18,19,0.947368421,1,9,10
DualTreeBidiMap,2,10,12,0.833333333,9,51,60,0.85,5,21,26
DualTreeBidiMap.ViewMap,0,2,2,1,5,8,13,0.615384615,5,5,10
DualHashBidiMap,0,0,0,100,3,14,17,0.823529412,1,5,6
TreeBidiMap.View,0,0,0,100,0,7,7,1,0,3,3
AbstractDualBidiMap.KeySet,0,2,2,1,0,9,9,1,0,5,5
TreeBidiMap.DataElement,0,0,0,100,0,6,6,1,0,3,3
DualTreeBidiMap.BidiOrderedMapIterator,0,12,12,1,6,29,35,0.828571429,3,14,17
UnmodifiableOrderedBidiMap,0,4,4,1,0,24,24,1,0,15,15
TreeBidiMap.ViewMapEntryIterator,0,0,0,100,1,4,5,0.8,1,2,3
AbstractDualBidiMap.ValuesIterator,0,2,2,1,0,15,15,1,0,4,4
AbstractBidiMapDecorator,0,0,0,100,3,5,8,0.625,3,4,7
TreeBidiMap.InverseEntryView,1,11,12,0.916666667,1,18,19,0.947368421,1,9,10
UnmodifiableSortedBidiMap,0,4,4,1,0,29,29,1,0,17,17
AbstractDualBidiMap.EntrySetIterator,0,2,2,1,0,16,16,1,0,4,4
AbstractLinkedMap.EntrySetIterator,0,0,0,100,1,3,4,0.75,1,2,3
UnmodifiableEntrySet,2,10,12,0.833333333,1,27,28,0.964285714,2,15,17
LazyMap,0,6,6,1,0,24,24,1,0,10,10
StaticBucketMap.Node,2,18,20,0.9,1,14,15,0.933333333,2,13,15
AbstractHashedMap.Values,0,0,0,100,0,8,8,1,0,5,5
AbstractReferenceMap.ReferenceBaseIterator,2,22,24,0.916666667,1,48,49,0.979591837,2,17,19
AbstractReferenceMap.ReferenceValues,0,2,2,1,0,8,8,1,0,4,4
Flat3Map.EntrySet,1,5,6,0.833333333,1,17,18,0.944444444,1,7,8
TransformedSortedMap,1,1,2,0.5,0,19,19,1,1,10,11
AbstractReferenceMap.ReferenceStrength,3,1,4,0.25,3,7,10,0.7,3,3,6
FixedSizeMap,4,2,6,0.333333333,8,20,28,0.714285714,5,11,16
AbstractOrderedMapDecorator,0,0,0,100,1,9,10,0.9,1,7,8
ListOrderedMap.KeySetView.new AbstractUntypedIteratorDecorator() {...},0,0,0,100,0,2,2,1,0,2,2
PredicatedSortedMap,0,0,0,100,0,13,13,1,0,9,9
AbstractReferenceMap.SoftRef,0,0,0,100,4,0,4,0,2,0,2
ListOrderedMap.ValuesView.new AbstractUntypedIteratorDecorator() {...},0,0,0,100,0,2,2,1,0,2,2
PredicatedMap,0,16,16,1,0,32,32,1,0,17,17
StaticBucketMap.KeyIterator,0,0,0,100,0,2,2,1,0,2,2
Flat3Map.KeySetIterator,0,0,0,100,0,3,3,1,0,2,2
Flat3Map.FlatMapEntry,26,16,42,0.380952381,19,32,51,0.62745098,20,12,32
Flat3Map.Values,1,3,4,0.75,1,11,12,0.916666667,1,6,7
AbstractReferenceMap.WeakRef,0,0,0,100,0,4,4,1,0,2,2
AbstractReferenceMap.ReferenceKeySetIterator,0,0,0,100,0,3,3,1,0,2,2
ListOrderedMap.KeySetView,0,0,0,100,0,8,8,1,0,5,5
AbstractReferenceMap,9,39,48,0.8125,4,106,110,0.963636364,9,44,53
UnmodifiableMap,2,2,4,0.5,5,22,27,0.814814815,2,12,14
CompositeMap,3,47,50,0.94,5,86,91,0.945054945,4,43,47
AbstractLinkedMap.ValuesIterator,0,0,0,100,1,3,4,0.75,1,2,3
AbstractHashedMap,11,125,136,0.919117647,15,269,284,0.947183099,15,105,120
TransformedMap,2,10,12,0.833333333,0,38,38,1,2,16,18
AbstractLinkedMap.LinkEntry,0,0,0,100,0,2,2,1,0,1,1
StaticBucketMap.ValueIterator,0,0,0,100,0,2,2,1,0,2,2
MultiValueMap.1.1.new Map.Entry() {...},0,0,0,100,1,3,4,0.75,1,3,4
PassiveExpiringMap.ConstantTimeToLiveExpirationPolicy,1,3,4,0.75,3,10,13,0.769230769,2,4,6
AbstractInputCheckedMapDecorator,0,2,2,1,1,7,8,0.875,1,4,5
AbstractLinkedMap.LinkIterator,4,14,18,0.777777778,4,33,37,0.891891892,4,14,18
LazySortedMap,0,0,0,100,0,16,16,1,0,11,11
StaticBucketMap.BaseIterator,0,12,12,1,0,24,24,1,0,10,10
LinkedMap.LinkedMapList,0,0,0,100,1,19,20,0.95,1,17,18
MultiValueMap.1.new Transformer() {...},0,0,0,100,0,2,2,1,0,2,2
Flat3Map.FlatMapIterator,11,15,26,0.576923077,19,30,49,0.612244898,12,13,25
StaticBucketMap.KeySet,2,6,8,0.75,0,15,15,1,2,8,10
ListOrderedMap.ListOrderedMapIterator,0,10,10,1,4,32,36,0.888888889,1,15,16
AbstractHashedMap.ValuesIterator,0,0,0,100,0,3,3,1,0,2,2
UnmodifiableEntrySet.UnmodifiableEntrySetIterator,0,0,0,100,0,5,5,1,0,3,3
MultiValueMap.new LazyIteratorChain() {...},0,2,2,1,0,6,6,1,0,3,3
MultiValueMap.ValuesIterator,0,2,2,1,0,11,11,1,0,5,5
SingletonMap.SingletonValues,0,0,0,100,1,7,8,0.875,1,5,6
EntrySetToMapIteratorAdapter,0,2,2,1,0,18,18,1,0,10,10
AbstractReferenceMap.ReferenceEntry,16,26,42,0.619047619,5,37,42,0.880952381,14,16,30
Flat3Map.KeySet,0,4,4,1,0,15,15,1,0,8,8
PassiveExpiringMap,0,18,18,1,8,66,74,0.891891892,4,32,36
AbstractInputCheckedMapDecorator.EntrySet,1,9,10,0.9,0,21,21,1,1,8,9
ListOrderedMap.ListOrderedMapEntry,0,0,0,100,0,5,5,1,0,3,3
AbstractReferenceMap.ReferenceMapIterator,0,6,6,1,0,15,15,1,0,8,8
StaticBucketMap.EntryIterator,0,0,0,100,0,2,2,1,0,2,2
HashedMap,0,0,0,100,0,15,15,1,0,7,7
StaticBucketMap.EntrySet,0,10,10,1,0,24,24,1,0,11,11
LRUMap,9,31,40,0.775,17,87,104,0.836538462,13,32,45
MultiKeyMap,109,191,300,0.636666667,7,304,311,0.977491961,81,108,189
AbstractInputCheckedMapDecorator.MapEntry,0,0,0,100,0,6,6,1,0,2,2
SingletonMap.SingletonMapIterator,5,9,14,0.642857143,7,24,31,0.774193548,6,12,18
ListOrderedMap,4,38,42,0.904761905,1,99,100,0.99,4,45,49
MultiValueMap.Values,0,2,2,1,2,7,9,0.777777778,1,4,5
FixedSizeSortedMap,2,2,4,0.5,6,21,27,0.777777778,4,15,19
Flat3Map,64,226,290,0.779310345,30,328,358,0.916201117,61,123,184
LinkedMap,0,4,4,1,4,21,25,0.84,2,12,14
AbstractInputCheckedMapDecorator.EntrySetIterator,0,0,0,100,0,6,6,1,0,2,2
AbstractReferenceMap.ReferenceEntrySet,0,2,2,1,0,8,8,1,0,4,4
ReferenceMap,0,0,0,100,6,10,16,0.625,3,4,7
DefaultedMap,3,7,10,0.7,3,21,24,0.875,3,11,14
ListOrderedMap.ListOrderedIterator,0,0,0,100,0,9,9,1,0,3,3
MultiValueMap.ReflectionFactory,1,3,4,0.75,2,8,10,0.8,1,4,5
AbstractReferenceMap.ReferenceValuesIterator,0,0,0,100,0,3,3,1,0,2,2
AbstractMapDecorator,0,4,4,1,0,27,27,1,0,20,20
StaticBucketMap,11,63,74,0.851351351,13,121,134,0.902985075,12,44,56
AbstractHashedMap.KeySet,0,0,0,100,0,11,11,1,0,6,6
AbstractHashedMap.KeySetIterator,0,0,0,100,0,3,3,1,0,2,2
SingletonMap,20,15,35,0.428571429,29,50,79,0.632911392,21,30,51
AbstractHashedMap.EntrySet,0,10,10,1,0,19,19,1,0,11,11
AbstractLinkedMap.KeySetIterator,0,0,0,100,1,3,4,0.75,1,2,3
Flat3Map.EntryIterator,3,3,6,0.5,8,9,17,0.529411765,3,4,7
Flat3Map.EntrySetIterator,0,0,0,100,0,3,3,1,0,2,2
CaseInsensitiveMap,0,4,4,1,2,19,21,0.904761905,1,9,10
AbstractSortedMapDecorator.SortedMapIterator,0,0,0,100,8,0,8,0,4,0,4
ListOrderedMap.ValuesView,0,0,0,100,0,11,11,1,0,8,8
AbstractHashedMap.EntrySetIterator,0,0,0,100,0,3,3,1,0,2,2
AbstractIterableMap,0,0,0,100,0,2,2,1,0,2,2
AbstractLinkedMap,0,40,40,1,4,72,76,0.947368421,3,40,43
AbstractReferenceMap.ReferenceKeySet,0,2,2,1,0,8,8,1,0,4,4
UnmodifiableSortedMap,0,2,2,1,4,21,25,0.84,4,14,18
ReferenceIdentityMap,0,6,6,1,6,16,22,0.727272727,3,11,14
AbstractHashedMap.HashMapIterator,0,6,6,1,0,15,15,1,0,8,8
AbstractSortedMapDecorator,4,0,4,0,9,8,17,0.470588235,8,6,14
AbstractLinkedMap.LinkMapIterator,0,6,6,1,0,16,16,1,0,9,9
MultiValueMap,5,39,44,0.886363636,2,86,88,0.977272727,6,38,44
AbstractHashedMap.HashIterator,2,18,20,0.9,2,36,38,0.947368421,2,14,16
StaticBucketMap.Values,0,0,0,100,0,5,5,1,0,4,4
AbstractReferenceMap.ReferenceEntrySetIterator,0,0,0,100,0,3,3,1,0,2,2
UnmodifiableOrderedMap,0,2,2,1,0,24,24,1,0,13,13
ListOrderedMap.EntrySetView,0,8,8,1,0,26,26,1,0,16,16
Flat3Map.ValuesIterator,0,0,0,100,0,3,3,1,0,2,2
AbstractHashedMap.HashEntry,2,20,22,0.909090909,1,23,24,0.958333333,2,16,18
UnmodifiableEntrySet.UnmodifiableEntry,0,0,0,100,0,4,4,1,0,2,2
AbstractListValuedMap.WrappedList,6,6,12,0.5,25,19,44,0.431818182,11,9,20
ArrayListValuedHashMap,2,0,2,0,10,16,26,0.615384615,4,6,10
AbstractListValuedMap.ValuesListIterator,0,4,4,1,11,18,29,0.620689655,6,7,13
TransformedMultiValuedMap,4,16,20,0.8,2,35,37,0.945945946,4,15,19
HashSetValuedHashMap,0,0,0,100,8,13,21,0.619047619,3,5,8
AbstractMultiValuedMap.KeysMultiSet.MapEntryTransformer,0,0,0,100,0,2,2,1,0,2,2
AbstractMultiValuedMap,15,43,58,0.74137931,16,81,97,0.835051546,16,42,58
AbstractMultiValuedMap.EntryValues.1.new Transformer() {...},0,0,0,100,0,2,2,1,0,2,2
AbstractMultiValuedMap.MultiValuedMapEntry,0,0,0,100,0,4,4,1,0,2,2
AbstractListValuedMap,0,0,0,100,0,8,8,1,0,6,6
AbstractMultiValuedMap.KeysMultiSet.MapEntryTransformer.new AbstractMultiSet.AbstractEntry() {...},0,0,0,100,0,3,3,1,0,3,3
AbstractMultiValuedMap.EntryValues.new LazyIteratorChain() {...},0,2,2,1,0,8,8,1,0,3,3
AbstractMultiValuedMap.WrappedCollection,19,15,34,0.441176471,31,33,64,0.515625,17,16,33
AbstractMultiValuedMap.ValuesIterator,0,2,2,1,0,11,11,1,0,5,5
AbstractMultiValuedMap.KeysMultiSet,1,1,2,0.5,0,12,12,1,1,7,8
AbstractMultiValuedMap.AsMap.AsMapEntrySet,0,2,2,1,0,11,11,1,0,7,7
AbstractMultiValuedMap.EntryValues,0,0,0,100,0,3,3,1,0,3,3
UnmodifiableMultiValuedMap,0,2,2,1,6,13,19,0.684210526,6,11,17
AbstractMultiValuedMap.MultiValuedMapIterator,5,1,6,0.166666667,7,11,18,0.611111111,5,5,10
AbstractMultiValuedMap.AsMap,0,8,8,1,0,24,24,1,0,15,15
AbstractMultiValuedMap.Values,0,2,2,1,0,9,9,1,0,5,5
AbstractSetValuedMap,0,0,0,100,0,8,8,1,0,6,6
AbstractMultiValuedMap.AsMap.AsMapEntrySetIterator,0,0,0,100,0,6,6,1,0,2,2
AbstractMultiValuedMapDecorator,0,4,4,1,5,26,31,0.838709677,5,21,26
AbstractSetValuedMap.WrappedSet,0,4,4,1,0,12,12,1,0,5,5
UnmodifiableSet,0,2,2,1,0,13,13,1,0,10,10
UnmodifiableSortedSet,0,2,2,1,0,24,24,1,0,15,15
MapBackedSet,1,9,10,0.9,1,31,32,0.96875,1,22,23
ListOrderedSet.OrderedSetIterator,0,0,0,100,3,9,12,0.75,2,3,5
TransformedSet,1,7,8,0.875,0,12,12,1,1,8,9
AbstractSetDecorator,0,4,4,1,2,5,7,0.714285714,1,6,7
AbstractNavigableSetDecorator,0,0,0,100,9,7,16,0.4375,8,6,14
UnmodifiableNavigableSet,0,2,2,1,0,32,32,1,0,20,20
AbstractSerializableSetDecorator,0,0,0,100,0,8,8,1,0,3,3
PredicatedSet,0,4,4,1,0,6,6,1,0,7,7
CompositeSet,5,59,64,0.921875,6,109,115,0.947826087,7,51,58
ListOrderedSet,3,33,36,0.916666667,2,78,80,0.975,3,37,40
TransformedSortedSet,4,0,4,0,8,12,20,0.6,4,8,12
AbstractSortedSetDecorator,0,0,0,100,5,6,11,0.545454545,4,5,9
PredicatedNavigableSet,0,0,0,100,3,15,18,0.833333333,3,11,14
PredicatedSortedSet,0,0,0,100,0,13,13,1,0,9,9
TransformedNavigableSet,4,0,4,0,10,15,25,0.6,6,11,17
EnumerationIterator,4,0,4,0,11,10,21,0.476190476,6,4,10
IteratorChain,6,14,20,0.7,13,43,56,0.767857143,8,16,24
EmptyMapIterator,0,0,0,100,0,4,4,1,0,3,3
SingletonIterator,0,14,14,1,0,22,22,1,0,13,13
ObjectArrayIterator,0,12,12,1,2,27,29,0.931034483,2,14,16
FilterIterator,1,13,14,0.928571429,5,32,37,0.864864865,4,14,18
SkippingIterator,0,8,8,1,0,17,17,1,0,8,8
IteratorIterable,1,5,6,0.833333333,0,12,12,1,1,6,7
ReverseListIterator,2,6,8,0.75,2,31,33,0.939393939,2,13,15
AbstractListIteratorDecorator,1,1,2,0.5,1,17,18,0.944444444,1,11,12
EmptyIterator,0,0,0,100,0,6,6,1,0,4,4
AbstractUntypedIteratorDecorator,1,1,2,0.5,1,8,9,0.888888889,1,4,5
TransformIterator,0,0,0,100,11,9,20,0.45,6,5,11
ArrayListIterator,0,8,8,1,1,25,26,0.961538462,1,14,15
UnmodifiableOrderedMapIterator,0,4,4,1,0,17,17,1,0,12,12
LoopingIterator,0,8,8,1,0,17,17,1,0,10,10
EmptyOrderedMapIterator,0,0,0,100,0,4,4,1,0,3,3
NodeListIterator,3,9,12,0.75,1,15,16,0.9375,3,8,11
AbstractEmptyMapIterator,0,0,0,100,0,5,5,1,0,4,4
AbstractIteratorDecorator,0,0,0,100,0,3,3,1,0,2,2
ObjectGraphIterator,0,30,30,1,0,56,56,1,0,23,23
UnmodifiableIterator,0,4,4,1,0,12,12,1,0,7,7
IteratorIterable.new Iterator() {...},0,0,0,100,2,3,5,0.6,1,3,4
LazyIteratorChain,0,12,12,1,0,28,28,1,0,11,11
AbstractMapIteratorDecorator,2,0,2,0,13,0,13,0,9,0,9
AbstractOrderedMapIteratorDecorator,2,0,2,0,15,0,15,0,11,0,11
UnmodifiableListIterator,0,4,4,1,0,18,18,1,0,13,13
LoopingListIterator,3,21,24,0.875,4,39,43,0.906976744,4,21,25
BoundedIterator,1,17,18,0.944444444,1,31,32,0.96875,1,14,15
PeekingIterator,3,21,24,0.875,4,35,39,0.897435897,3,17,20
SingletonListIterator,2,26,28,0.928571429,0,32,32,1,2,23,25
UnmodifiableMapIterator,0,4,4,1,0,15,15,1,0,10,10
EmptyListIterator,0,0,0,100,1,5,6,0.833333333,1,3,4
FilterListIterator,6,30,36,0.833333333,18,58,76,0.763157895,15,24,39
CollatingIterator,9,39,48,0.8125,18,87,105,0.828571429,10,36,46
ZippingIterator,1,13,14,0.928571429,1,34,35,0.971428571,1,12,13
UniqueFilterIterator,0,0,0,100,0,2,2,1,0,1,1
PermutationIterator,0,34,34,1,0,45,45,1,0,21,21
PushbackIterator,3,5,8,0.625,3,12,15,0.8,3,7,10
IteratorEnumeration,0,0,0,100,4,6,10,0.6,2,4,6
EntrySetMapIterator,10,0,10,0,31,0,31,0,14,0,14
EmptyOrderedIterator,0,0,0,100,0,4,4,1,0,3,3
ArrayIterator,0,10,10,1,3,28,31,0.903225806,3,13,16
AbstractEmptyIterator,0,0,0,100,0,12,12,1,0,11,11
ListIteratorWrapper,8,32,40,0.8,11,61,72,0.847222222,8,23,31
ObjectArrayListIterator,0,8,8,1,3,23,26,0.884615385,1,14,15
PredicateUtils,0,0,0,100,5,26,31,0.838709677,5,24,29
FunctorException,0,0,0,100,4,4,8,0.5,2,2,4
EnumerationUtils,0,6,6,1,0,13,13,1,0,6,6
BagUtils,0,0,0,100,3,11,14,0.785714286,3,9,12
IterableUtils.2.new LazyIteratorChain() {...},0,2,2,1,0,4,4,1,0,3,3
ListUtils.LcsVisitor,0,0,0,100,0,8,8,1,0,5,5
SetUtils,1,31,32,0.96875,12,36,48,0.75,13,26,39
ComparatorUtils,4,14,18,0.777777778,4,25,29,0.862068966,5,15,20
IterableUtils.UnmodifiableIterable,0,0,0,100,0,4,4,1,0,2,2
FluentIterable,0,4,4,1,0,45,45,1,0,36,36
SetUtils.new SetUtils.SetView() {...},4,0,4,0,1,4,5,0.8,3,4,7
SetUtils.new SetUtils.SetView() {...},0,4,4,1,0,3,3,1,0,5,5
SetUtils.new Predicate() {...},0,0,0,100,0,2,2,1,0,2,2
SetUtils.new SetUtils.SetView() {...},0,4,4,1,0,3,3,1,0,5,5
SetUtils.new Predicate() {...},0,2,2,1,0,2,2,1,0,3,3
SetUtils.new SetUtils.SetView() {...},5,3,8,0.375,1,4,5,0.8,4,5,9
CollectionUtils.SetOperationCardinalityHelper,0,2,2,1,0,11,11,1,0,5,5
IterableUtils.7.new LazyIteratorChain() {...},0,2,2,1,0,4,4,1,0,3,3
IteratorUtils,42,100,142,0.704225352,58,168,226,0.743362832,44,97,141
SetUtils.SetView,0,0,0,100,5,3,8,0.375,2,3,5
ClosureUtils,0,4,4,1,0,28,28,1,0,18,18
ArrayUtils,7,9,16,0.5625,6,9,15,0.6,6,6,12
SplitMapUtils,3,7,10,0.7,3,8,11,0.727272727,3,4,7
IterableUtils.new FluentIterable() {...},0,0,0,100,0,2,2,1,0,2,2
IterableUtils.new FluentIterable() {...},0,0,0,100,0,2,2,1,0,2,2
IterableUtils.new FluentIterable() {...},0,2,2,1,0,6,6,1,0,3,3
IterableUtils.new FluentIterable() {...},0,0,0,100,0,2,2,1,0,2,2
IterableUtils.new FluentIterable() {...},0,0,0,100,0,2,2,1,0,2,2
IterableUtils.new FluentIterable() {...},0,0,0,100,0,2,2,1,0,2,2
IterableUtils.new FluentIterable() {...},0,0,0,100,0,2,2,1,0,2,2
IterableUtils.new FluentIterable() {...},0,0,0,100,0,2,2,1,0,2,2
CollectionUtils,20,250,270,0.925925926,9,337,346,0.973988439,19,184,203
IterableUtils.new FluentIterable() {...},0,0,0,100,0,2,2,1,0,2,2
IterableUtils.new FluentIterable() {...},0,0,0,100,0,2,2,1,0,2,2
IterableUtils.new FluentIterable() {...},0,0,0,100,0,2,2,1,0,2,2
MultiMapUtils,4,16,20,0.8,8,22,30,0.733333333,8,14,22
TrieUtils,0,0,0,100,0,1,1,1,0,1,1
IterableUtils,3,59,62,0.951612903,7,120,127,0.94488189,7,68,75
ArrayStack,6,10,16,0.625,6,24,30,0.8,6,10,16
FactoryUtils,0,0,0,100,0,6,6,1,0,6,6
MapUtils,10,178,188,0.946808511,21,285,306,0.931372549,23,145,168
CollectionUtils.EquatorWrapper,1,1,2,0.5,1,9,10,0.9,1,4,5
IterableUtils.new FluentIterable() {...},0,0,0,100,0,2,2,1,0,2,2
IterableUtils.new FluentIterable() {...},1,1,2,0.5,0,4,4,1,1,2,3
ListUtils,8,66,74,0.891891892,9,90,99,0.909090909,12,48,60
QueueUtils,0,0,0,100,0,6,6,1,0,6,6
ListUtils.Partition,2,2,4,0.5,3,11,14,0.785714286,3,3,6
MultiSetUtils,0,0,0,100,0,6,6,1,0,5,5
CollectionUtils.new Transformer() {...},0,0,0,100,0,2,2,1,0,2,2
CollectionUtils.new Transformer() {...},0,0,0,100,0,2,2,1,0,2,2
CollectionUtils.new Transformer() {...},0,0,0,100,0,2,2,1,0,2,2
ListUtils.CharSequenceAsList,0,0,0,100,0,5,5,1,0,3,3
MapUtils.new AbstractMapDecorator() {...},0,0,0,100,0,1,1,1,0,1,1
MapUtils.new AbstractSortedMapDecorator() {...},0,0,0,100,0,1,1,1,0,1,1
SplitMapUtils.WrappedGet,4,4,8,0.5,6,17,23,0.739130435,8,12,20
TransformerUtils,0,4,4,1,0,34,34,1,0,25,25
CollectionUtils.CardinalityHelper,0,2,2,1,0,12,12,1,0,7,7
SplitMapUtils.WrappedPut,3,3,6,0.5,1,20,21,0.952380952,3,15,18
AbstractMapMultiSet.MutableInteger,4,0,4,0,4,3,7,0.428571429,4,1,5
AbstractMapMultiSet.UniqueSetIterator,0,2,2,1,0,16,16,1,0,4,4
SynchronizedMultiSet.SynchronizedSet,0,0,0,100,0,2,2,1,0,1,1
AbstractMultiSet.EntrySet,10,0,10,0,16,4,20,0.2,8,2,10
AbstractMultiSetDecorator,0,4,4,1,7,6,13,0.461538462,6,7,13
AbstractMultiSet.AbstractEntry,12,0,12,0,9,2,11,0.181818182,8,2,10
HashMultiSet,0,0,0,100,0,12,12,1,0,4,4
SynchronizedMultiSet,0,2,2,1,7,19,26,0.730769231,3,10,13
AbstractMapMultiSet.MapBasedMultiSetIterator,1,13,14,0.928571429,1,26,27,0.962962963,1,10,11
AbstractMapMultiSet,5,43,48,0.895833333,3,101,104,0.971153846,5,40,45
AbstractMultiSet.UniqueSet,0,2,2,1,0,10,10,1,0,8,8
AbstractMapMultiSet.MultiSetEntry,0,0,0,100,0,5,5,1,0,3,3
AbstractMultiSet.MultiSetIterator,4,6,10,0.6,8,13,21,0.619047619,3,6,9
AbstractMultiSet.new Transformer() {...},0,0,0,100,0,2,2,1,0,2,2
PredicatedMultiSet,0,4,4,1,3,11,14,0.785714286,2,11,13
AbstractMapMultiSet.EntrySetIterator,2,0,2,0,6,10,16,0.625,2,3,5
AbstractMultiSet,27,19,46,0.413043478,44,33,77,0.428571429,24,21,45
UnmodifiableMultiSet,0,2,2,1,5,21,26,0.807692308,4,13,17
SynchronizedQueue,0,2,2,1,2,20,22,0.909090909,1,11,12
AbstractQueueDecorator,0,0,0,100,6,4,10,0.4,5,3,8
TransformedQueue,1,3,4,0.75,0,16,16,1,1,10,11
CircularFifoQueue.new Iterator() {...},0,18,18,1,0,32,32,1,0,13,13
CircularFifoQueue,4,44,48,0.916666667,6,86,92,0.934782609,5,40,45
PredicatedQueue,0,0,0,100,0,10,10,1,0,8,8
UnmodifiableQueue,0,2,2,1,2,20,22,0.909090909,2,13,15
